actionId,name,phase,color,tellTime,windupTime,activeTime,recoverTime,damage,aiWeightClose,aiWeightFar
101,THRUST,P1,Red,0.2,0.1,0.4,0.3,16,8,1
102,SWEEP,P1,Red,0.25,0.1,0.45,0.3,14,6,2
103,GROUND_RING,P1,Red,0.2,0.0,0.5,0.3,12,5,3
104,SCATTER_SHOTS,P1,Green,0.3,0.05,0.6,0.3,10,2,7
105,LEAP_CLEAVE,P1,Red,0.25,0.1,0.55,0.35,18,7,1
106,DELAYED_THUNDER,P1,Green,0.35,0.0,0.8,0.25,13,1,8
107,PULL_PUSH,P1,Red,0.2,0.0,0.7,0.25,12,4,3
108,DODGE_RIPOSTE,P1,Red,0.1,0.0,0.35,0.25,15,7,1
109,TRIPLE_THRUST,P1,Red,0.2,0.0,0.6,0.35,20,7,1
201,THRUST_P2,P2,Red,0.16,0.08,0.4,0.28,18,8,1
204,RING_SIX_ARCS,P2,Green,0.22,0.0,0.6,0.28,12,3,8
205,DODGE_RIPOSTE_P2,P2,Red,0.08,0.0,0.4,0.25,16,8,1
206,TRI_BEAM,P2,Green,0.25,0.0,0.7,0.3,15,2,9
207,WHIRLWIND,P2,Green,0.25,0.0,0.9,0.35,12,2,9
208,GRAV_TRAP,P2,Green,0.25,0.0,1.2,0.35,14,2,9
209,DELAYED_THUNDER_P2,P2,Green,0.3,0.0,0.9,0.3,15,2,9
210,FULL_RING,P2,Red,0.28,0.05,0.5,0.3,16,6,3
211,ORB_CONVERGE_NOVA,P2,Red,0.35,0.0,0.7,0.4,22,6,3
212,LEAP_CLEAVE_P2,P2,Red,0.2,0.1,0.55,0.35,20,8,1
213,WALL_BOUNCE_Z,P2,Red,0.18,0.0,0.7,0.3,18,7,2
214,PRISM_BARRAGE,P2,Green,0.25,0.0,0.8,0.3,14,3,9
215,CHROMA_LOCK,P2,Green,0.45,0.0,0.6,0.6,0,1,8
216,DOUBLE_FAN,P2,Red,0.22,0.0,0.7,0.3,16,6,3
217,GROUND_LASER,P2,Green,0.22,0.0,0.45,0.3,14,2,8
218,SWORD_RING,P2,Red,0.22,0.0,0.72,0.32,15,7,2
